suburb,nearest_suburbs
Hornsby,"Newtown,Marrickville,Ryde,Pyrmont,Waterloo"
Oatley,"Lugarno,Botany,Gladesville,Peakhurst,Annandale"
Dulwich Hill,"Summer Hill,Drummoyne,Leichhardt,Homebush,Petersham"
Jannali,"Bangor,Kirrawee,Como,Gymea,Menai"
Waverton,"Kirribilli,Crows Nest,Wollstonecraft,Edgecliff,Neutral Bay"
Concord,"Croydon,Five Dock,Earlwood,Sans Souci,Drummoyne"
Holsworthy,"Panania,Lugarno,Milperra,Oatley,Peakhurst"
Summer Hill,"Drummoyne,Homebush,Stanmore,Dulwich Hill,Balmain"
Artarmon,"Roseville,Lindfield,Putney,Kensington,Killara"
Croydon,"Concord,Five Dock,Sans Souci,Blakehurst,Earlwood"
Engadine,"Kirrawee,Gymea,Menai,Jannali,Bangor"
Padstow,"Mortdale,Roselands,Sans Souci,Penshurst,Revesby"
Panania,"Holsworthy,Rouse Hill,Revesby,Botany,Wentworthville"
Putney,"Edgecliff,Artarmon,Roseville,Gladesville,Summer Hill"
Como,"Jannali,Bangor,Gymea,Woolooware,Kirrawee"
Cronulla,"Caringbah,Miranda,Sutherland,Kirrawee,Glebe"
Gymea,"Kirrawee,Jannali,Bangor,Menai,Como"
Kirrawee,"Jannali,Gymea,Bangor,Menai,Caringbah"
Lugarno,"Oatley,Botany,Holsworthy,Menai,Jannali"
Penshurst,"Carlton,Kingsgrove,Mortdale,Peakhurst,Sans Souci"
Rouse Hill,"Panania,Menai,Lugarno,Botany,Oatley"
Wahroonga,"Turramurra,Lane Cove,Drummoyne,Annandale,Balmain"
Beecroft,"Denistone,Five Dock,Concord,Sans Souci,Lilyfield"
Carlton,"Penshurst,Kingsgrove,Mortdale,Peakhurst,Sans Souci"
Killara,"Lindfield,Roseville,Artarmon,Haberfield,Kensington"
Lindfield,"Artarmon,Roseville,Killara,Haberfield,Denistone"
Wollstonecraft,"Neutral Bay,Kirribilli,Lane Cove,Crows Nest,Waverton"
Drummoyne,"Summer Hill,Annandale,Balmain,Lilyfield,Dulwich Hill"
Epping,"Carlingford,Eastwood,Kingsford,Wahroonga,Ashfield"
Gladesville,"Turramurra,Drummoyne,Summer Hill,Botany,Oatley"
Haberfield,"Five Dock,Lindfield,Denistone,Killara,Beecroft"
Kirribilli,"Wollstonecraft,Waverton,Neutral Bay,Crows Nest,Edgecliff"
Menai,"Jannali,Gymea,Kirrawee,Bangor,Caringbah"
Turramurra,"Gladesville,Lane Cove,Wahroonga,Annandale,Drummoyne"
Manly,"Paddington,Cronulla,Neutral Bay,Mosman,Wollstonecraft"
Botany,"Oatley,Lugarno,Gladesville,Balmain,Drummoyne"
Caringbah,"Kirrawee,Gymea,Menai,Jannali,Sutherland"
Denistone,"Beecroft,Five Dock,Haberfield,Sans Souci,Croydon"
Double Bay,"Kirribilli,Wollstonecraft,Manly,Waverton,Neutral Bay"
Eastwood,"Carlingford,Kingsford,Epping,Zetland,Ultimo"
Kogarah,"Wolli Creek,Riverwood,Wentworthville,Lidcombe,Mascot"
Lane Cove,"Neutral Bay,Crows Nest,Wollstonecraft,Drummoyne,Turramurra"
Miranda,"Sutherland,Caringbah,Cronulla,Newtown,Lidcombe"
Roseville,"Artarmon,Lindfield,Putney,Killara,Kensington"
Sans Souci,"Mortdale,Blakehurst,Penshurst,Peakhurst,Croydon"
Woolooware,"Como,Bangor,Kirrawee,Gymea,Jannali"
Milperra,"Bangor,Jannali,Gymea,Kirrawee,Holsworthy"
Annandale,"Lilyfield,Rozelle,Drummoyne,Petersham,Stanmore"
Carlingford,"Epping,Eastwood,Riverwood,Wentworthville,Kingsford"
Kingsgrove,"Peakhurst,Penshurst,Carlton,Mortdale,Rockdale"
Lidcombe,"Revesby,Panania,Kogarah,Miranda,Marrickville"
Lilyfield,"Annandale,Rozelle,Petersham,Drummoyne,Stanmore"
Randwick,"Strathfield,Castle Hill,Ryde,Ashfield,Kensington"
Rozelle,"Lilyfield,Petersham,Annandale,Leichhardt,Stanmore"
Waitara,"Meadowbank,Summer Hill,Edgecliff,Carlton,Macquarie Park"
Balmain,"Drummoyne,Summer Hill,Annandale,Lilyfield,Leichhardt"
Bangor,"Jannali,Como,Kirrawee,Gymea,Menai"
Bexley,"Rockdale,Kingsgrove,Arncliffe,Earlwood,Carlton"
Blakehurst,"Sans Souci,Mortdale,Penshurst,Croydon,Carlton"
Canterbury,"Roselands,Revesby,Arncliffe,Carlton,Kingsgrove"
Castle Hill,"Randwick,Ryde,Ashfield,Marrickville,Strathfield"
Kensington,"Artarmon,Neutral Bay,Paddington,Kingsford,Drummoyne"
Mortdale,"Sans Souci,Penshurst,Peakhurst,Kingsgrove,Carlton"
Revesby,"Roselands,Kingsgrove,Panania,Padstow,Canterbury"
Ryde,"Ashfield,Randwick,Castle Hill,Earlwood,Mascot"
Sutherland,"Miranda,Caringbah,Newtown,Cronulla,Kirrawee"
Hurstville,"Burwood,Campsie,Chatswood,Kogarah,Eastwood"
Riverwood,"Wentworthville,Revesby,Kogarah,Panania,Lidcombe"
Rushcutters Bay,"Edgecliff,Waverton,St Leonards,Crows Nest,Lane Cove"
Allawah,"Wolli Creek,Wentworthville,Carlton,Meadowbank,Chippendale"
Edgecliff,"Crows Nest,Rushcutters Bay,Waverton,Erskineville,Stanmore"
Five Dock,"Concord,Croydon,Haberfield,Sans Souci,Beecroft"
Leichhardt,"Petersham,Stanmore,Drummoyne,Camperdown,Dulwich Hill"
Lewisham,"St Peters,Stanmore,Petersham,Summer Hill,Lilyfield"
Meadowbank,"Macquarie Park,Waitara,Carlton,St Peters,Homebush"
Erskineville,"Petersham,Alexandria,Rozelle,Lilyfield,Stanmore"
Homebush,"Summer Hill,Dulwich Hill,Petersham,Stanmore,Balmain"
Marrickville,"Ashfield,Strathfield,Newtown,Lidcombe,Glebe"
Neutral Bay,"Lane Cove,Wollstonecraft,Crows Nest,North Sydney,St Leonards"
Rosebery,"Erskineville,Alexandria,Waitara,Homebush,Petersham"
Wentworthville,"Riverwood,Revesby,Allawah,Macquarie Park,Panania"
Earlwood,"Concord,Dulwich Hill,Ashfield,Leichhardt,Croydon"
Peakhurst,"Kingsgrove,Penshurst,Mortdale,Sans Souci,Carlton"
Surry Hills,"Redfern,Newtown,Darlinghurst,Hornsby,Glebe"
Wolli Creek,"Kogarah,Allawah,Ultimo,Chippendale,Wentworthville"
North Sydney,"St Leonards,Crows Nest,Neutral Bay,Lane Cove,Edgecliff"
Paddington,"Kensington,Kingsford,Neutral Bay,Turramurra,Wollstonecraft"
Pyrmont,"Waterloo,Darlinghurst,Mascot,Camperdown,Glebe"
Rockdale,"Kingsgrove,Bexley,Arncliffe,Revesby,Carlton"
Chatswood,"Eastwood,Epping,Kingsford,Strathfield,Randwick"
Crows Nest,"St Leonards,Lane Cove,North Sydney,Edgecliff,Neutral Bay"
Macquarie Park,"Meadowbank,Waitara,Homebush,Gladesville,Carlton"
Petersham,"Rozelle,Stanmore,Lilyfield,Leichhardt,St Peters"
Rhodes,"McMahons Point,Annangrove,Brookvale,Clontarf,Burwood"
Ashfield,"Strathfield,Marrickville,Earlwood,Ryde,Leichhardt"
McMahons Point,"Clontarf,Rhodes,Chiswick,Darling Point,Dolls Point"
Mosman,"Manly,Randwick,Paddington,Double Bay,Kensington"
Newtown,"Glebe,Redfern,Darlinghurst,Miranda,Camperdown"
Strathfield,"Ashfield,Marrickville,Randwick,Ryde,Glebe"
Camperdown,"Leichhardt,Petersham,Stanmore,Glebe,Rozelle"
Campsie,"Lidcombe,Kogarah,Chatswood,Riverwood,Marrickville"
Chippendale,"Ultimo,Zetland,Kingsford,Wolli Creek,Allawah"
Kingsford,"Kensington,Zetland,Paddington,Neutral Bay,North Sydney"
St Peters,"Lewisham,Stanmore,Petersham,Summer Hill,Lilyfield"
Stanmore,"Lewisham,Petersham,St Peters,Summer Hill,Lilyfield"
Burwood,"Ultimo,Chippendale,Eastwood,Wolli Creek,Hurstville"
Roselands,"Canterbury,Arncliffe,Revesby,Padstow,Kingsgrove"
Glebe,"Camperdown,Alexandria,Newtown,Darlinghurst,Leichhardt"
Redfern,"Newtown,Surry Hills,Darlinghurst,Glebe,Waterloo"
St Leonards,"Crows Nest,North Sydney,Neutral Bay,Lane Cove,Edgecliff"
Zetland,"Chippendale,Kingsford,Ultimo,Eastwood,Edgecliff"
Darlinghurst,"Pyrmont,Glebe,Alexandria,Newtown,Redfern"
Mascot,"Kingsgrove,Waterloo,Pyrmont,Camperdown,Arncliffe"
Bankstown,"Surry Hills,Parramatta,Campbelltown,Redfern,Hornsby"
Ultimo,"Chippendale,Zetland,Wolli Creek,Allawah,Eastwood"
Waterloo,"Pyrmont,Mascot,Alexandria,Camperdown,Glebe"
Alexandria,"Erskineville,Glebe,Camperdown,Waterloo,Rosebery"
Arncliffe,"Roselands,Kingsgrove,Rockdale,Bexley,Mascot"
Abbotsbury,"Pemulwuy,Rosehill,Pendle Hill,Regents Park,Bass Hill"
Abbotsford,"Forest Lodge,Breakfast Point,Rodd Point,Cabarita,Ashbury"
Airds,"Kearns,St Helens Park,Rosemeadow,Ambarvale,Spring Farm"
Allambie Heights,"Newport,Belrose,Warriewood,Cromer,Frenchs Forest"
Ambarvale,"Rosemeadow,St Helens Park,Leumeah,St Andrews,Raby"
Annangrove,"Brookvale,Claymore,Dolls Point,Castlereagh,Colyton"
Appin,"Narellan,Spring Farm,Cobbitty,Elderslie,Camden"
Ashbury,"Mortlake,Forest Lodge,Breakfast Point,Abbotsford,Oatlands"
Ashcroft,"Miller,Villawood,Wakeley,Sefton,Birrong"
Asquith,"Westleigh,Mount Colah,Galston,Normanhurst,Thornleigh"
Auburn,"Merrylands,Guildford,Fairfield,Greenacre,Greystanes"
Avalon Beach,"Newport,Mona Vale,Allambie Heights,Narrabeen,Belrose"
Balgowlah,"Narrabeen,Collaroy,Seaforth,Manly Vale,Queenscliff"
Banksia,"Hillsdale,Brighton-le-Sands,Clemton Park,Bexley North,Bardwell Valley"
Barden Ridge,"Kareela,Woronora,Yowie Bay,Oyster Bay,Bonnet Bay"
Bardwell Park,"Bexley North,Monterey,Bardwell Valley,Turrella,Clemton Park"
Bardwell Valley,"Bexley North,Bardwell Park,Ramsgate,Kyle Bay,Monterey"
Bass Hill,"Pendle Hill,Condell Park,Villawood,Chester Hill,Abbotsbury"
Baulkham Hills,"Kellyville,Greystanes,Maroubra,Cherrybrook,Seven Hills"
Beaconsfield,"Pagewood,Chifley,Little Bay,Ramsgate,Kyeemagh"
Bella Vista,"Oatlands,Brighton-le-Sands,Ashbury,Pennant Hills,Monterey"
Bellevue Hill,"Vaucluse,Tamarama,Rose Bay,Bronte,Woollahra"
Belmore,"Prestons,Smithfield,Wetherill Park,Wiley Park,Casula"
Belrose,"Warriewood,Allambie Heights,Frenchs Forest,Newport,Forestville"
Berala,"Girraween,Harris Park,Regents Park,Punchbowl,Rosehill"
Berowra,"Mount Colah,Galston,Westleigh,Heathcote,Oyster Bay"
Beverly Hills,"Narwee,Condell Park,Girraween,Clemton Park,Monterey"
Bidwill,"Lethbridge Park,Blackett,Shalvey,Whalan,Tregear"
Birchgrove,"Balgowlah,Queenscliff,Enmore,Fairlight,Curl Curl"
Birrong,"Sefton,Ashcroft,Miller,Wakeley,Lurnea"
Blackett,"Bidwill,Shalvey,Lethbridge Park,Willmot,Whalan"
Blacktown,"Liverpool,Parramatta,Mount Druitt,Bankstown,Penrith"
Bondi,"Coogee,St Ives,Cremorne,Woollahra,Waverley"
Bonnet Bay,"Woronora,Oyster Bay,Kareela,Yowie Bay,Loftus"
Bradbury,"St Helens Park,Mount Annan,Raby,Ruse,Harrington Park"
Breakfast Point,"Abbotsford,Ashbury,Mortlake,Forest Lodge,Cabarita"
Brighton-le-Sands,"Banksia,Bexley North,Monterey,Hillsdale,Bardwell Valley"
Bronte,"Woollahra,Clovelly,Northwood,Queens Park,Longueville"
Brookvale,"Annangrove,Claymore,Dolls Point,Chiswick,Colyton"
Busby,"Leppington,Miller,Ashcroft,Birrong,Sefton"
Cabarita,"Forest Lodge,Abbotsford,Breakfast Point,Ashbury,Mortlake"
Cabramatta,"Canley Vale,Ingleburn,Seven Hills,Dee Why,Campsie"
Camden,"Elderslie,Ruse,Spring Farm,Cobbitty,Narellan"
Cammeray,"Greenwich,Naremburn,Willoughby,Middle Cove,Northbridge"
Campbelltown,"St Marys,Penrith,Haymarket,Parramatta,Mount Druitt"
Canley Vale,"Lalor Park,Hammondville,Wattle Grove,Kings Langley,Kings Park"
Castle Cove,"Riverview,Gordon,Rodd Point,Pymble,Abbotsford"
Castlereagh,"Claymore,Dolls Point,Colyton,Annangrove,Brookvale"
Casula,"Lakemba,Smithfield,Wiley Park,Hinchinbrook,Prestons"
Cheltenham,"Dundas,Melrose Park,Rodd Point,Sandringham,North Rocks"
Cherrybrook,"North Rocks,Bella Vista,West Ryde,Pennant Hills,Toongabbie"
Chester Hill,"Mount Pritchard,Yagoona,Pendle Hill,Prestons,Bass Hill"
Chifley,"Little Bay,Beaconsfield,Pagewood,Matraville,Malabar"
Chiswick,"Clontarf,Dolls Point,Brookvale,Darling Point,McMahons Point"
Claymore,"Colyton,Brookvale,Castlereagh,Dolls Point,Annangrove"
Clemton Park,"Kyeemagh,Bexley North,Ramsgate,Monterey,Bardwell Park"
Clontarf,"Darling Point,Chiswick,Brookvale,McMahons Point,Annangrove"
Clovelly,"Queens Park,Woollahra,Bronte,Northwood,Northbridge"
Cobbitty,"Spring Farm,Ruse,Kearns,Elderslie,Camden"
Colebee,"Ropes Crossing,Oakhurst,Stanhope Gardens,Plumpton,Parklea"
Collaroy,"Narrabeen,Freshwater,Balgowlah,Curl Curl,Seaforth"
Colyton,"Claymore,Castlereagh,Annangrove,Brookvale,Dolls Point"
Condell Park,"Bass Hill,Pendle Hill,Yagoona,Newington,Chester Hill"
Constitution Hill,"Prospect,St Johns Park,Moorebank,Wattle Grove,East Hills"
Coogee,"Bondi,Cremorne,Woollahra,St Ives,Waverley"
Cranebrook,"Emu Plains,Jamisontown,Kingswood,St Clair,Mount Annan"
Cremorne,"Hunters Hill,Willoughby,Northbridge,Greenwich,Cammeray"
Cromer,"Warriewood,Mona Vale,Forestville,Wheeler Heights,Belrose"
Curl Curl,"Collaroy,Queenscliff,Balgowlah,Narrabeen,Manly Vale"
Daceyville,"Enmore,Melrose Park,Tempe,Beaconsfield,Chifley"
Darling Point,"Clontarf,Chiswick,McMahons Point,Dolls Point,Brookvale"
Darlington,"Forest Lodge,Melrose Park,Daceyville,Ashbury,Abbotsford"
Davidson,"Terrey Hills,Westleigh,Galston,Wheeler Heights,Warriewood"
Dee Why,"Kellyville,Bondi,Seven Hills,Frenchs Forest,Guildford"
Dharruk,"Oxley Park,Hebersham,Emerton,Whalan,Blackett"
Dolls Point,"Brookvale,Chiswick,Claymore,Annangrove,Castlereagh"
Doonside,"Rooty Hill,Plumpton,Minchinbury,Minto,Stanhope Gardens"
Dundas,"Melrose Park,Rydalmere,Ermington,Telopea,Woodpark"
Dural,"Glenhaven,Kenthurst,Normanhurst,Sylvania,Illawong"
East Hills,"Hammondville,Picnic Point,Kings Park,Wattle Grove,St Johns Park"
Eastern Creek,"Emerton,Werrington,Blackett,Erskine Park,Schofields"
Eastlakes,"Hillsdale,Banksia,Brighton-le-Sands,Pagewood,Pemulwuy"
Edmondson Park,"Leppington,Yennora,Prospect,Middleton Grange,Abbotsbury"
Elderslie,"Camden,Ruse,Spring Farm,Cobbitty,Narellan"
Elizabeth Bay,"Horsley Park,Lavender Bay,Queenscliff,Milsons Point,Birchgrove"
Emerton,"Eastern Creek,Blackett,Oxley Park,Erskine Park,Dharruk"
Emu Plains,"Jamisontown,Cranebrook,Londonderry,Elderslie,Mulgoa"
Enfield,"Hurlstone Park,Tempe,Wentworth Point,Constitution Hill,St Johns Park"
Enmore,"Tempe,Daceyville,Forest Lodge,Ashbury,Narraweena"
Ermington,"West Ryde,Melrose Park,Dundas,Bass Hill,Sefton"
Erskine Park,"Werrington,Blackett,Kingswood,Bidwill,Shalvey"
Fairfield,"Granville,Warwick Farm,Merrylands,Glenfield,Casula"
Fairlight,"Freshwater,Seaforth,Balgowlah,Collaroy,Narrabeen"
Forest Lodge,"Abbotsford,Ashbury,Enmore,Cabarita,Breakfast Point"
Forestville,"Warriewood,Cromer,Belrose,Killarney Heights,Frenchs Forest"
Frenchs Forest,"Belrose,Warriewood,Forestville,Newport,Mona Vale"
Freshwater,"Seaforth,Collaroy,Fairlight,Narrabeen,Balgowlah"
Galston,"Mount Colah,Westleigh,Berowra,Asquith,Terrey Hills"
Girraween,"Lansvale,Rosehill,Berala,Regents Park,Pendle Hill"
Glenfield,"Granville,Toongabbie,Chester Hill,Mount Pritchard,Fairfield"
Glenhaven,"Dural,Kenthurst,Westleigh,Forestville,Cromer"
Glenwood,"Ponds, The,Stanhope Gardens,Rooty Hill,Oakhurst,Ropes Crossing"
Gordon,"Pymble,Abbotsford,Riverview,Castle Cove,St Ives"
Granville,"Fairfield,Glenfield,Warwick Farm,Casula,Prestons"
Greenacre,"Punchbowl,Guildford,Westmead,Berala,Greystanes"
Greenwich,"Northbridge,Hunters Hill,Cammeray,Willoughby,Cremorne"
Greystanes,"Yagoona,Chester Hill,Guildford,Prestons,Condell Park"
Guildford,"Greenacre,Yagoona,Greystanes,Punchbowl,Merrylands"
Hammondville,"East Hills,Kings Park,Lalor Park,Wattle Grove,Picnic Point"
Harrington Park,"Mount Annan,Bradbury,Raby,St Helens Park,Leumeah"
Harris Park,"Mount Lewis,Berala,Westmead,Girraween,Narwee"
Haymarket,"Campbelltown,Parramatta,Penrith,St Marys,Mount Druitt"
Heathcote,"Loftus,Yarrawarrah,Kurnell,Oyster Bay,Woronora"
Hebersham,"Oxley Park,Dharruk,Whalan,Emerton,Blackett"
Hillsdale,"Eastlakes,Banksia,Brighton-le-Sands,Pemulwuy,Clemton Park"
Hinchinbrook,"Wiley Park,Smithfield,Hoxton Park,Middleton Grange,Lakemba"
Holroyd,"Pemulwuy,Prairiewood,Yennora,Middleton Grange,Hoxton Park"
Horsley Park,"Mount Vernon,Elizabeth Bay,Telopea,Oatlands,Breakfast Point"
Hoxton Park,"Middleton Grange,Prairiewood,Wetherill Park,Wiley Park,Hinchinbrook"
Hunters Hill,"Greenwich,Northbridge,Willoughby,Cremorne,Cammeray"
Hurlstone Park,"Wentworth Point,Tempe,Enfield,Mortlake,Ashbury"
Illawong,"Sylvania,Kareela,Taren Point,Barden Ridge,Picnic Point"
Ingleburn,"Macquarie Fields,Minto,Leumeah,Doonside,Ambarvale"
Jamisontown,"Emu Plains,Wallacia,Mulgoa,Kingswood,Werrington"
Kareela,"Bonnet Bay,Illawong,Oyster Bay,Taren Point,Woronora"
Kearns,"St Helens Park,Raby,Cobbitty,Spring Farm,Woodbine"
Kellyville,"Baulkham Hills,Greystanes,Seven Hills,Guildford,Yagoona"
Kenthurst,"Glenhaven,Dural,Port Hacking,Normanhurst,Westleigh"
Killarney Heights,"Manly Vale,Forestville,Warriewood,Belrose,Narraweena"
Kings Langley,"Winston Hills,Picnic Point,Kings Park,Lalor Park,Northmead"
Kings Park,"Hammondville,East Hills,Lalor Park,Kings Langley,Picnic Point"
Kingswood,"Erskine Park,Werrington,Lethbridge Park,Blackett,Whalan"
Kurnell,"Heathcote,Loftus,Yarrawarrah,Woronora,Oyster Bay"
Kurrajong,"Wilberforce,Pitt Town,Richmond,Maraylya,Windsor"
Kyeemagh,"Clemton Park,Ramsgate,Bexley North,Monterey,Bardwell Park"
Kyle Bay,"Monterey,Bardwell Valley,Bardwell Park,Bexley North,Sandringham"
Lakemba,"Casula,Smithfield,Hinchinbrook,Prestons,Wiley Park"
Lalor Park,"Canley Vale,Hammondville,Kings Park,Wattle Grove,Kings Langley"
Lansvale,"Rosehill,Girraween,Pendle Hill,Bass Hill,Birrong"
Lavender Bay,"Elizabeth Bay,Milsons Point,Watsons Bay,Horsley Park,Hunters Hill"
Leppington,"Busby,Edmondson Park,Villawood,Abbotsbury,Ashcroft"
Lethbridge Park,"Bidwill,Tregear,Blackett,Shalvey,Werrington"
Leumeah,"Ambarvale,Bradbury,Rosemeadow,St Helens Park,Raby"
Lilli Pilli,"Yowie Bay,Port Hacking,Bonnet Bay,Curl Curl,Oyster Bay"
Little Bay,"Chifley,Malabar,Pagewood,Matraville,Beaconsfield"
Liverpool,"Blacktown,Mount Druitt,Parramatta,Haymarket,Campbelltown"
Llandilo,"Oakhurst,Marsden Park,Colebee,Londonderry,Ropes Crossing"
Loftus,"Yarrawarrah,Heathcote,Oyster Bay,Woronora,Kurnell"
Londonderry,"Luddenham,Marsden Park,Emu Plains,Jamisontown,Mulgoa"
Longueville,"Northwood,Bronte,Clovelly,Northbridge,Greenwich"
Luddenham,"Orchard Hills,Londonderry,Marsden Park,Mulgoa,Schofields"
Lurnea,"Mount Pritchard,Sefton,Birrong,Ashcroft,Villawood"
Macquarie Fields,"Ingleburn,Minto,Leumeah,Doonside,Oran Park"
Malabar,"Little Bay,Matraville,Pagewood,Chifley,Beaconsfield"
Manly Vale,"Killarney Heights,Forestville,Balgowlah,Collaroy,Narraweena"
Maraylya,"Pitt Town,Kurrajong,Wilberforce,Oakville,Mulgoa"
Marayong,"Miller,Northmead,Pendle Hill,Villawood,Ashcroft"
Maroubra,"Baulkham Hills,Dee Why,Merrylands,Bondi,Cherrybrook"
Marsden Park,"Londonderry,Stanhope Gardens,Schofields,Ropes Crossing,Luddenham"
Marsfield,"West Ryde,Beverly Hills,Condell Park,St Ives,Ermington"
Matraville,"Malabar,Pagewood,Little Bay,Chifley,Beaconsfield"
Melrose Park,"Dundas,Daceyville,Ermington,Mortlake,Ramsgate"
Merrylands,"Auburn,Fairfield,Guildford,Granville,Seven Hills"
Middle Cove,"Naremburn,Willoughby,Cammeray,Greenwich,Killarney Heights"
Middleton Grange,"Hoxton Park,Prairiewood,Holroyd,Pemulwuy,Wetherill Park"
Miller,"Ashcroft,Marayong,Birrong,Sefton,Villawood"
Millers Point,"Waverley,Malabar,Queens Park,Woollahra,Greenwich"
Milsons Point,"Cabarita,Willoughby,Mount Vernon,Naremburn,Elizabeth Bay"
Minchinbury,"Schofields,Woodcroft,Plumpton,Parklea,Stanhope Gardens"
Minto,"Macquarie Fields,Ingleburn,Doonside,Leumeah,Oran Park"
Mona Vale,"Cromer,Newport,Frenchs Forest,Warriewood,Avalon Beach"
Monterey,"Bardwell Park,Bexley North,Kyeemagh,Clemton Park,Brighton-le-Sands"
Moorebank,"St Johns Park,Northmead,Constitution Hill,Prospect,Wattle Grove"
Mortlake,"Ashbury,Breakfast Point,Hurlstone Park,Forest Lodge,Tempe"
Mount Annan,"Bradbury,Harrington Park,St Helens Park,Ruse,Spring Farm"
Mount Colah,"Westleigh,Asquith,Galston,Berowra,Kings Langley"
Mount Druitt,"Penrith,Parramatta,Campbelltown,St Marys,Blacktown"
Mount Lewis,"Harris Park,Berala,Girraween,Narwee,Westmead"
Mount Pritchard,"Lurnea,Chester Hill,Villawood,Sefton,Ashcroft"
Mount Vernon,"Newington,Abbotsbury,Kyeemagh,Horsley Park,Rosehill"
Mulgoa,"Wallacia,Jamisontown,Erskine Park,Eastern Creek,Schofields"
Narellan,"Appin,Elderslie,Spring Farm,Camden,Ruse"
Naremburn,"Willoughby,Middle Cove,Cammeray,Greenwich,Cremorne"
Narrabeen,"Balgowlah,Collaroy,Newport,Seaforth,Mona Vale"
Narraweena,"Allambie Heights,Forestville,Belrose,Manly Vale,Killarney Heights"
Narwee,"Beverly Hills,Girraween,Lansvale,Clemton Park,Kyeemagh"
Newington,"Bass Hill,Telopea,Oatlands,Condell Park,Abbotsbury"
Newport,"Avalon Beach,Allambie Heights,Belrose,Mona Vale,Narrabeen"
Normanhurst,"Thornleigh,Westleigh,Asquith,Dural,Illawong"
North Rocks,"Pennant Hills,Dundas,Rydalmere,Cherrybrook,Bella Vista"
Northbridge,"Greenwich,Hunters Hill,Cremorne,Willoughby,Cammeray"
Northmead,"Winston Hills,Wattle Grove,St Johns Park,Moorebank,Kings Langley"
Northwood,"Longueville,Clovelly,Bronte,Queens Park,Northbridge"
Oakhurst,"Ropes Crossing,Colebee,Plumpton,Stanhope Gardens,Rooty Hill"
Oakville,"Maraylya,Luddenham,Londonderry,Pitt Town,Kurrajong"
Oatlands,"Rydalmere,Newington,Sefton,Telopea,Birrong"
Oran Park,"St Andrews,Woodbine,Raby,Ambarvale,Rosemeadow"
Orchard Hills,"Luddenham,Colebee,Marsden Park,Stanhope Gardens,Londonderry"
Oxley Park,"Dharruk,Hebersham,Emerton,Whalan,Blackett"
Oyster Bay,"Woronora,Bonnet Bay,Loftus,Kareela,Yowie Bay"
Pagewood,"Beaconsfield,Little Bay,Chifley,Matraville,Malabar"
Palm Beach,"Queenscliff,Seaforth,Narrabeen,Curl Curl,Fairlight"
Parklea,"Minchinbury,Ropes Crossing,Colebee,Plumpton,Stanhope Gardens"
Parramatta,"Haymarket,Campbelltown,Penrith,Mount Druitt,St Marys"
Pemulwuy,"Holroyd,Abbotsbury,Yennora,Wetherill Park,Prairiewood"
Pendle Hill,"Bass Hill,Rosehill,Condell Park,Abbotsbury,Mount Pritchard"
Pennant Hills,"North Rocks,Daceyville,Narraweena,Enmore,Dural"
Penrith,"Campbelltown,St Marys,Parramatta,Mount Druitt,Haymarket"
Picnic Point,"East Hills,Kings Langley,Winston Hills,Wattle Grove,Kings Park"
Pitt Town,"Kurrajong,Wilberforce,Maraylya,Windsor,Richmond"
Plumpton,"Ropes Crossing,Stanhope Gardens,Rooty Hill,Oakhurst,Minchinbury"
Point Piper,"Watsons Bay,Tamarama,Vaucluse,Bellevue Hill,Longueville"
"Ponds, The","Glenwood,Stanhope Gardens,Ropes Crossing,Oakhurst,Plumpton"
Port Hacking,"Yowie Bay,Oyster Bay,Bonnet Bay,Woronora,Kurnell"
Potts Point,"Redfern,Dee Why,Woolloomooloo,Coogee,Maroubra"
Prairiewood,"Middleton Grange,Yennora,Hoxton Park,Holroyd,Wetherill Park"
Prestons,"Smithfield,Belmore,Chester Hill,Lakemba,Casula"
Prospect,"Constitution Hill,St Johns Park,Moorebank,Yennora,Wiley Park"
Punchbowl,"Greenacre,Berala,Guildford,Lakemba,Greystanes"
Pymble,"Gordon,St Ives,Riverview,Abbotsford,Coogee"
Quakers Hill,"Rooty Hill,Doonside,St Clair,Glenwood,Plumpton"
Queens Park,"Clovelly,Woollahra,Waverley,Northbridge,Greenwich"
Queenscliff,"Balgowlah,Manly Vale,Curl Curl,Narrabeen,Collaroy"
Raby,"St Helens Park,Bradbury,Kearns,Ambarvale,Woodbine"
Ramsgate,"Kyeemagh,Clemton Park,Bexley North,Bardwell Valley,Beaconsfield"
Regents Park,"Rosehill,Abbotsbury,Pendle Hill,Girraween,Middleton Grange"
Richmond,"Wilberforce,Kurrajong,Windsor,Jamisontown,Riverstone"
Riverstone,"Richmond,Werrington,Lethbridge Park,Tregear,Bidwill"
Riverview,"Castle Cove,Cammeray,Gordon,Greenwich,Pymble"
Rodd Point,"Wareemba,Abbotsford,Breakfast Point,Forest Lodge,Cheltenham"
Rooty Hill,"Plumpton,Doonside,Stanhope Gardens,Ropes Crossing,Oakhurst"
Ropes Crossing,"Plumpton,Stanhope Gardens,Oakhurst,Colebee,Minchinbury"
Rose Bay,"Woollahra,Bronte,Vaucluse,Queens Park,Millers Point"
Rosehill,"Regents Park,Pendle Hill,Lansvale,Abbotsbury,Girraween"
Rosemeadow,"Ambarvale,St Helens Park,St Andrews,Leumeah,Raby"
Rossmore,"Orchard Hills,Horsley Park,Kyle Bay,Breakfast Point,Mount Vernon"
Ruse,"Spring Farm,Camden,Elderslie,Bradbury,Cobbitty"
Russell Lea,"Rodd Point,Sandringham,Ashbury,Wareemba,Abbotsford"
Rydalmere,"Sefton,Oatlands,Telopea,Sadleir,Woodpark"
Sadleir,"Sefton,Woodpark,Rydalmere,Ashcroft,Birrong"
Sandringham,"Kyle Bay,Bardwell Park,Monterey,Bexley North,Ashbury"
Schofields,"Eastern Creek,Minchinbury,Emerton,Erskine Park,Woodcroft"
Seaforth,"Freshwater,Narrabeen,Balgowlah,Collaroy,Fairlight"
Sefton,"Lurnea,Ashcroft,Birrong,Sadleir,Rydalmere"
Seven Hills,"Guildford,Kellyville,Granville,Greystanes,Fairfield"
Shalvey,"Blackett,Bidwill,Lethbridge Park,Werrington,Tregear"
Silverwater,"Hoxton Park,Middleton Grange,Hinchinbrook,Wiley Park,Wetherill Park"
Smithfield,"Hinchinbrook,Wiley Park,Casula,Prestons,Lakemba"
Spring Farm,"Ruse,Cobbitty,Elderslie,Kearns,Camden"
St Andrews,"Woodbine,Oran Park,Ambarvale,Rosemeadow,Raby"
St Clair,"Kingswood,Cranebrook,Erskine Park,Whalan,Harrington Park"
St Helens Park,"Raby,Kearns,Bradbury,Ambarvale,Rosemeadow"
St Ives,"Pymble,Coogee,Gordon,Cremorne,Marsfield"
St Johns Park,"Constitution Hill,Wattle Grove,Prospect,Moorebank,East Hills"
St Marys,"Campbelltown,Penrith,Mount Druitt,Haymarket,Parramatta"
Stanhope Gardens,"Ropes Crossing,Plumpton,Minchinbury,Marsden Park,Colebee"
Sydenham,"Hurlstone Park,Wentworth Point,Edmondson Park,Tempe,Eastlakes"
Sylvania,"Illawong,Kareela,Taren Point,Dural,Winston Hills"
Tamarama,"Vaucluse,Bellevue Hill,Bronte,Longueville,Rose Bay"
Taren Point,"Kareela,Illawong,Bonnet Bay,Sylvania,Daceyville"
Telopea,"Rydalmere,Sefton,Newington,Birrong,Oatlands"
Tempe,"Hurlstone Park,Enmore,Wentworth Point,Enfield,Daceyville"
Terrey Hills,"Davidson,Westleigh,Galston,Wheeler Heights,Cromer"
Thornleigh,"Normanhurst,Winston Hills,Kings Langley,Picnic Point,Asquith"
Toongabbie,"Lurnea,Rydalmere,Mount Pritchard,Yagoona,Sefton"
Tregear,"Lethbridge Park,Bidwill,Shalvey,Blackett,Willmot"
Turrella,"Bardwell Park,Monterey,Bexley North,Bardwell Valley,Brighton-le-Sands"
Vaucluse,"Bellevue Hill,Tamarama,Rose Bay,Bronte,Longueville"
Villawood,"Ashcroft,Wakeley,Mount Pritchard,Sefton,Miller"
Wakeley,"Villawood,Ashcroft,Birrong,Sefton,Mount Pritchard"
Wallacia,"Jamisontown,Mulgoa,Werrington,Erskine Park,Shalvey"
Wareemba,"Rodd Point,Cheltenham,Abbotsford,Breakfast Point,Forest Lodge"
Warrawee,"Waverley,Manly Vale,Naremburn,Queenscliff,Willoughby"
Warriewood,"Belrose,Cromer,Forestville,Frenchs Forest,Allambie Heights"
Warwick Farm,"Granville,Fairfield,Glenfield,Casula,Smithfield"
Watsons Bay,"Lavender Bay,Palm Beach,Elizabeth Bay,Longueville,Hunters Hill"
Wattle Grove,"St Johns Park,East Hills,Lalor Park,Picnic Point,Northmead"
Waverley,"Woollahra,Queens Park,Willoughby,Cremorne,Naremburn"
Wentworth Point,"Hurlstone Park,Tempe,Abbotsbury,Mortlake,Enfield"
Werrington,"Lethbridge Park,Shalvey,Blackett,Erskine Park,Bidwill"
West Ryde,"Ermington,Marsfield,Dundas,Condell Park,Newington"
Westleigh,"Asquith,Mount Colah,Galston,Terrey Hills,Davidson"
Westmead,"Greenacre,Harris Park,Berala,Punchbowl,Guildford"
Wetherill Park,"Prairiewood,Hoxton Park,Pemulwuy,Middleton Grange,Smithfield"
Whalan,"Bidwill,Blackett,Lethbridge Park,Hebersham,Shalvey"
Wheeler Heights,"Cromer,Warriewood,Mona Vale,Allambie Heights,Curl Curl"
Wilberforce,"Kurrajong,Pitt Town,Richmond,Windsor,Jamisontown"
Wiley Park,"Hinchinbrook,Smithfield,Hoxton Park,Middleton Grange,Casula"
Willmot,"Blackett,Bidwill,Tregear,Lethbridge Park,Whalan"
Willoughby,"Naremburn,Greenwich,Cammeray,Middle Cove,Hunters Hill"
Windsor,"Wilberforce,Richmond,Kurrajong,Pitt Town,Narellan"
Winston Hills,"Kings Langley,Northmead,Picnic Point,Wattle Grove,Lalor Park"
Woodbine,"St Andrews,Oran Park,Raby,Kearns,Ambarvale"
Woodcroft,"Minchinbury,Schofields,Plumpton,Stanhope Gardens,Marsden Park"
Woodpark,"Sadleir,Sefton,Rydalmere,Telopea,Ashcroft"
Woollahra,"Bronte,Queens Park,Clovelly,Waverley,Northbridge"
Woolloomooloo,"Daceyville,Enmore,Little Bay,Waverley,Pagewood"
Woronora,"Oyster Bay,Bonnet Bay,Loftus,Kareela,Yarrawarrah"
Yagoona,"Greystanes,Chester Hill,Condell Park,Bass Hill,Mount Pritchard"
Yarrawarrah,"Loftus,Heathcote,Woronora,Oyster Bay,Kurnell"
Yennora,"Prairiewood,Holroyd,Pemulwuy,Middleton Grange,Villawood"
Yowie Bay,"Port Hacking,Bonnet Bay,Oyster Bay,Woronora,Barden Ridge"
Bexley North,"Bardwell Park,Bardwell Valley,Monterey,Brighton-le-Sands,Kyeemagh"
